<?xml version="1.0" encoding="utf-8" standalone="yes" ?>
<?xml-stylesheet type="text/xsl" href="contrib/xsl/modx.prosilver.en.xsl"?>
<!--For security purposes, please check: http
://www.phpbb.com/mods/ for the latest version of this MOD. Although MODs are checked before being allowed in the MODs Database there is no guarantee that there are no security problems within the MOD. No support will be given for MODs not found within the MODs Database which can be found at http://www.phpbb.com/mods/-->
<mod xmlns:xsi="http://www.w3.org/2001/XMLSchema-instance" xmlns="http://www.phpbb.com/mods/xml/modx-1.2.5.xsd">
	<header>
		<license>http://opensource.org/licenses/gpl-license.php GNU General Public License v2</license>
		
		<title lang="en">Advanced BBcode Box 3 - German Casual</title>
		<title lang="de">Advanced BBcode Box 3 - Deutsche Sprache</title>
		
		<description lang="en">Install the German casual language for Advanced BBcode Box 3</description>
		<description lang="de">Installiere die deutsche Sprache für Advanced BBcode Box 3</description>
		
		<author-group>
			<author>
				<realname>Felix Mueller</realname>
				<username>Femu</username>
				<homepage>http://www.die-muellers.org</homepage>			 				
			</author>
		</author-group>
		
		<mod-version>3.0.7</mod-version>
		
		<installation>
			<level>easy</level>
			<time>60</time>
			<target-version>3.0.7</target-version>
		</installation>
	</header>
	
	<action-group>

		<copy>
			<file from="root/language/de/mods/abbcode.php" to="language/de/mods/abbcode.php" />
			<file from="root/language/de/mods/acp_abbcode.php" to="language/de/mods/acp_abbcode.php" />
		</copy>

		<open src="language/de/acp/common.php">
			<edit>
				<find><![CDATA[	'LOG_WORD_EDIT'			=> '<strong>Zensiertes Wort geändert</strong><br />» %s',
));]]></find>
				<action type="after-add"><![CDATA[
// MOD : MSSTI ABBC3 - Start
$lang = array_merge($lang, array(
	'ACP_ABBCODES'				=> 'Advanced BBcodes Box 3',
	'ACP_ABBC3_SETTINGS'		=> 'ABBC3 Einstellungen',
	'ACP_ABBC3_BBCODES'			=> 'ABBC3 BBCodes',
	'LOG_CONFIG_ABBCODES'		=> '<strong>ABBC3 Einstellungen geändert</strong>',
	'LOG_CONFIG_ABBCODES_ERROR'	=> '<strong>Fehler beim Speichern der ABBC3 Einstellungen</strong>',
	'LOG_CONFIG_ADD'			=> '<strong>Board Einstellungen hinzugefügt</strong><br />» %s',
	'LOG_DATABASE_SCHEMA'		=> '<strong>Datenbank Schema aktualisiert</strong><br />» %s',
	'LOG_DELETE_ABBCODES'		=> '<strong>MOD ABBC3 aus der Datenbank entfern</strong>',
));
// MOD : MSSTI ABBC3 - End

]]></action>
			</edit>
		</open>
	
		<diy-instructions lang="en">Upload the edited file and the language files to the correct location on your webspace.</diy-instructions>
		
		<diy-instructions lang="de">Die geänderte Datei und die Sprachdateien in das entsprechende Verzeichnis auf deinem Webspace hochladen.</diy-instructions>
	</action-group>
</mod>
