<?xml version="1.0" encoding="UTF-8" standalone="yes"?>
<?xml-stylesheet type="text/xsl" href="modx.prosilver.en.xsl"?>
<!--NOTICE: Please open this file in your web browser. If presented with a security warning, you may safely tell it to allow the blocked content.-->
<!--For security purposes, please check: http://www.phpbb.com/mods/ for the latest version of this MOD.\nAlthough MODs are checked before being allowed in the MODs Database there is no guarantee that there are no security problems within the MOD.\nNo support will be given for MODs not found within the MODs Database which can be found at http://www.phpbb.com/mods/-->
<mod xmlns:xsi="http://www.w3.org/2001/XMLSchema-instance" xmlns="http://www.phpbb.com/mods/xml/modx-1.2.5.xsd">
	<header>
		<meta name="generator" content="MODX file generated with PP MODX Creator by tumba25 (online version)"/>
		<license><![CDATA[http://opensource.org/licenses/gpl-license.php GNU General Public License v2]]></license>
		<title lang="en"><![CDATA[Advanced BBCodes Box3 V3.0.8 traduction Française]]></title>
		<description lang="fr"><![CDATA[Traduction française du Mod Advanced BBCodes Box3]]></description>
		<author-notes lang="en"><![CDATA[To read more about ABBC3, please read the contrib/docs/README.HTML file

-------------------------------------------------------------------
Please do not remove the copyright notices and the link to www.mssti.com
If you refuse to this, will not get support from me.

-------------------------------------------------------------------
Once you finish the install, please take your time to read the the contrib folder content.

-------------------------------------------------------------------
This MOD works in phpBB version:
3.0.6
3.0.7
3.0.7-PL1
-------------------------------------------------------------------
Tested on Windows Browsers:
- Internet Explorer 7.0 & 8.0
- Mozilla Firefox 2.0 & 3.0
- Opera 10.53
- Safari 4.0.5
- Netscape 8.1
- Chrome 4.1
- Flock 2.5.6

Tested on Macintosh Browsers:
- Safari 4
- Firefox 3.6

-------------------------------------------------------------------

Before adding this MOD to your forum, you should back up all files and databases related to this MOD.]]></author-notes>
		<author-group>
			<author>
				<realname><![CDATA[Gabriel]]></realname>
				<username><![CDATA[leviatan21]]></username>
				<homepage><![CDATA[http://www.mssti.com/phpbb3/]]></homepage>
				<email><![CDATA[info@mssti.com]]></email>
			</author>
			<author>
				<realname><![CDATA[Sylver35]]></realname>
				<username><![CDATA[Sylver35]]></username>
				<homepage><![CDATA[http://breizh-portal.com]]></homepage>
				<email><![CDATA[sylver_35@hotmail.fr]]></email>
			</author>
			<author>
				<realname><![CDATA[Eric]]></realname>
				<username><![CDATA[eric0279]]></username>
				<homepage><![CDATA[http://www.css-ressource.com]]></homepage>
				<email><![CDATA[qx9650@hotmail.fr]]></email>
			</author>
		</author-group>
		<mod-version>3.0.8</mod-version>
		<installation>
			<level>easy</level>
			<time>60</time>
			<target-version>3.0.7-PL1</target-version>
		</installation>
	</header>
	<action-group>
		<copy>
			<file from="root/language/fr/mods/*.*" to="language/fr/mods/*.*"/>
		</copy>
		<open src="language/fr/acp/common.php">
			<edit>
				<find><![CDATA[?>]]></find>
			</edit>
			<edit>
				<action type="before-add"><![CDATA[// MOD : MSSTI ABBC3 - Start
$lang = array_merge($lang, array(
       'ACP_ABBCODES'                  => 'BBcodes Box 3 Avancé',
       'ACP_ABBC3_SETTINGS'            => 'Paramètres ABBC3',
       'ACP_ABBC3_BBCODES'             => 'ABBC3 BBCodes',
       'LOG_CONFIG_ABBCODES'           => '<strong>Paramètres ABBC3 modifiés</strong>',
       	'LOG_CONFIG_ABBCODES_ERROR'	=> '<strong>Erreur lors de la sauvegarde des paramètres de ABBC3</strong>',
));
// MOD : MSSTI ABBC3 - End]]></action>
			</edit>
		</open>
	</action-group>
</mod>
